{
  "column_type": "DB-1",
  "feature_names": [
    "molecular_weight",
    "logp",
    "tpsa",
    "num_rotatable_bonds",
    "num_h_acceptors",
    "num_h_donors",
    "num_aromatic_rings",
    "MolecularWeight",
    "LogP",
    "TPSA",
    "NumRotatableBonds",
    "NumHAcceptors",
    "NumHDonors",
    "NumAromaticRings",
    "NumAliphaticRings",
    "NumSaturatedRings",
    "NumHeteroatoms",
    "FractionCSP3",
    "MolMR",
    "BalabanJ",
    "Chi0v",
    "Chi1v",
    "Kappa1",
    "Kappa2",
    "LabuteASA",
    "PEOE_VSA1",
    "PEOE_VSA2",
    "MaxPartialCharge",
    "MinPartialCharge"
  ],
  "model_results": {
    "random_forest": {
      "train_r2": 0.9107419852847625,
      "test_r2": 0.7550744117580159,
      "train_mae": 1.4379626212522014,
      "test_mae": 3.4814983968253914,
      "train_rmse": 1.9768633836069707,
      "test_rmse": 5.288614016968835,
      "cv_r2": 0.7550744117580159,
      "cv_std": 0.0
    },
    "gradient_boosting": {
      "train_r2": 0.9651640367573262,
      "test_r2": 0.7481101187944152,
      "train_mae": 0.4116666719321368,
      "test_mae": 4.166427973511228,
      "train_rmse": 1.235,
      "test_rmse": 5.3632760719576815,
      "cv_r2": 0.7481101187944152,
      "cv_std": 0.0
    }
  },
  "n_features": 29
}