{
  "column_type": "DB-624",
  "feature_names": [
    "molecular_weight",
    "logp",
    "tpsa",
    "num_rotatable_bonds",
    "num_h_acceptors",
    "num_h_donors",
    "num_aromatic_rings",
    "MolecularWeight",
    "LogP",
    "TPSA",
    "NumRotatableBonds",
    "NumHAcceptors",
    "NumHDonors",
    "NumAromaticRings",
    "NumAliphaticRings",
    "NumSaturatedRings",
    "NumHeteroatoms",
    "FractionCSP3",
    "MolMR",
    "BalabanJ",
    "Chi0v",
    "Chi1v",
    "Kappa1",
    "Kappa2",
    "LabuteASA",
    "PEOE_VSA1",
    "PEOE_VSA2",
    "MaxPartialCharge",
    "MinPartialCharge"
  ],
  "model_results": {
    "random_forest": {
      "train_r2": 0.8600885493994244,
      "test_r2": 0.9106645330025571,
      "train_mae": 1.6666014210284659,
      "test_mae": 1.9802049422799464,
      "train_rmse": 2.273108475823157,
      "test_rmse": 2.074177776661792,
      "cv_r2": 0.9106645330025571,
      "cv_std": 0.0
    },
    "gradient_boosting": {
      "train_r2": 1.0,
      "test_r2": 0.9584203523730536,
      "train_mae": 1.1244736132131162e-08,
      "test_mae": 1.3103563967459522,
      "train_rmse": 1.4486404267262633e-08,
      "test_rmse": 1.4150585932865631,
      "cv_r2": 0.9584203523730536,
      "cv_std": 0.0
    }
  },
  "n_features": 29
}