{
  "column_type": "BPX5",
  "feature_names": [
    "molecular_weight",
    "logp",
    "tpsa",
    "num_rotatable_bonds",
    "num_h_acceptors",
    "num_h_donors",
    "num_aromatic_rings",
    "MolecularWeight",
    "LogP",
    "TPSA",
    "NumRotatableBonds",
    "NumHAcceptors",
    "NumHDonors",
    "NumAromaticRings",
    "NumAliphaticRings",
    "NumSaturatedRings",
    "NumHeteroatoms",
    "FractionCSP3",
    "MolMR",
    "BalabanJ",
    "Chi0v",
    "Chi1v",
    "Kappa1",
    "Kappa2",
    "LabuteASA",
    "PEOE_VSA1",
    "PEOE_VSA2",
    "MaxPartialCharge",
    "MinPartialCharge"
  ],
  "model_results": {
    "random_forest": {
      "train_r2": 0.7029583991037951,
      "test_r2": -0.32150991119848027,
      "train_mae": 2.2419322916666657,
      "test_mae": 2.7760212499999968,
      "train_rmse": 3.237745345860413,
      "test_rmse": 3.9257796581222824,
      "cv_r2": -0.32150991119848027,
      "cv_std": 0.0
    },
    "gradient_boosting": {
      "train_r2": 1.0,
      "test_r2": 0.7415481751629855,
      "train_mae": 1.0824464213854412e-08,
      "test_mae": 1.692235835447243,
      "train_rmse": 1.4764611952671411e-08,
      "test_rmse": 1.7361230753923675,
      "cv_r2": 0.7415481751629855,
      "cv_std": 0.0
    }
  },
  "n_features": 29
}