{
  "column_type": "Rtx-1",
  "feature_names": [
    "molecular_weight",
    "logp",
    "tpsa",
    "num_rotatable_bonds",
    "num_h_acceptors",
    "num_h_donors",
    "num_aromatic_rings",
    "MolecularWeight",
    "LogP",
    "TPSA",
    "NumRotatableBonds",
    "NumHAcceptors",
    "NumHDonors",
    "NumAromaticRings",
    "NumAliphaticRings",
    "NumSaturatedRings",
    "NumHeteroatoms",
    "FractionCSP3",
    "MolMR",
    "BalabanJ",
    "Chi0v",
    "Chi1v",
    "Kappa1",
    "Kappa2",
    "LabuteASA",
    "PEOE_VSA1",
    "PEOE_VSA2",
    "MaxPartialCharge",
    "MinPartialCharge"
  ],
  "model_results": {
    "random_forest": {
      "train_r2": 0.8107842468400888,
      "test_r2": 0.9450957390741326,
      "train_mae": 1.1903017949735453,
      "test_mae": 0.9408771676587289,
      "train_rmse": 2.170213468096802,
      "test_rmse": 1.169273791144971,
      "cv_r2": 0.9450957390741326,
      "cv_std": 0.0
    },
    "gradient_boosting": {
      "train_r2": 1.0,
      "test_r2": 0.8642142773677718,
      "train_mae": 1.0836894700124351e-08,
      "test_mae": 1.3760426607671197,
      "train_rmse": 1.455494560056165e-08,
      "test_rmse": 1.838824342185126,
      "cv_r2": 0.8642142773677718,
      "cv_std": 0.0
    }
  },
  "n_features": 29
}