{
  "column_type": "Rtx-35",
  "feature_names": [
    "molecular_weight",
    "logp",
    "tpsa",
    "num_rotatable_bonds",
    "num_h_acceptors",
    "num_h_donors",
    "num_aromatic_rings",
    "MolecularWeight",
    "LogP",
    "TPSA",
    "NumRotatableBonds",
    "NumHAcceptors",
    "NumHDonors",
    "NumAromaticRings",
    "NumAliphaticRings",
    "NumSaturatedRings",
    "NumHeteroatoms",
    "FractionCSP3",
    "MolMR",
    "BalabanJ",
    "Chi0v",
    "Chi1v",
    "Kappa1",
    "Kappa2",
    "LabuteASA",
    "PEOE_VSA1",
    "PEOE_VSA2",
    "MaxPartialCharge",
    "MinPartialCharge"
  ],
  "model_results": {
    "random_forest": {
      "train_r2": 0.8482829596424422,
      "test_r2": 0.8448938918665079,
      "train_mae": 1.1735012976190462,
      "test_mae": 0.6867815277777775,
      "train_rmse": 1.7106072096925125,
      "test_rmse": 0.6956094175150628,
      "cv_r2": 0.8448938918665079,
      "cv_std": 0.0
    },
    "gradient_boosting": {
      "train_r2": 1.0,
      "test_r2": 0.7469198136562922,
      "train_mae": 1.0319411813952684e-08,
      "test_mae": 0.8021305798316577,
      "train_rmse": 1.4524671334366564e-08,
      "test_rmse": 0.8885463259290262,
      "cv_r2": 0.7469198136562922,
      "cv_std": 0.0
    }
  },
  "n_features": 29
}