{
  "column_type": "DB-WAX",
  "feature_names": [
    "molecular_weight",
    "logp",
    "tpsa",
    "num_rotatable_bonds",
    "num_h_acceptors",
    "num_h_donors",
    "num_aromatic_rings",
    "MolecularWeight",
    "LogP",
    "TPSA",
    "NumRotatableBonds",
    "NumHAcceptors",
    "NumHDonors",
    "NumAromaticRings",
    "NumAliphaticRings",
    "NumSaturatedRings",
    "NumHeteroatoms",
    "FractionCSP3",
    "MolMR",
    "BalabanJ",
    "Chi0v",
    "Chi1v",
    "Kappa1",
    "Kappa2",
    "LabuteASA",
    "PEOE_VSA1",
    "PEOE_VSA2",
    "MaxPartialCharge",
    "MinPartialCharge"
  ],
  "model_results": {
    "random_forest": {
      "train_r2": 0.939323327013281,
      "test_r2": 0.5653265646236529,
      "train_mae": 1.557827725649351,
      "test_mae": 3.3473696750992055,
      "train_rmse": 2.2705437051598536,
      "test_rmse": 3.8378261239570923,
      "cv_r2": 0.7374130084669274,
      "cv_std": 0.07607751400789957
    },
    "gradient_boosting": {
      "train_r2": 0.9850157971885389,
      "test_r2": 0.5195638403589447,
      "train_mae": 0.29133334463310884,
      "test_mae": 3.4162748339885636,
      "train_rmse": 1.1283291481950934,
      "test_rmse": 4.034796062930215,
      "cv_r2": 0.6746801096291625,
      "cv_std": 0.09369572709956428
    }
  },
  "n_features": 29
}